{
  "baseline_mlp_frozen": {
    "token_acc": 0.7455357142857143,
    "action_l1": 0.0397067579634472,
    "action_mse": 0.02466100271128066,
    "samples": [
      {
        "sample_idx": 0,
        "predicted_action": [
          -0.19921568924305486,
          -0.19921568924305486,
          0.0,
          0.0,
          0.0,
          0.0,
          0.0
        ],
        "ground_truth_action": [
          -0.10039215835870481,
          -0.15843137490983106,
          0.0,
          0.0,
          0.0,
          0.0,
          0.0
        ],
        "l1_error": 0.019943977888224836,
        "token_pred": [
          31999,
          31999,
          31872,
          31872,
          31872,
          31872,
          31872
        ],
        "token_gt": [
          31936,
          31973,
          31872,
          31872,
          31872,
          31872,
          31872
        ],
        "token_acc": 0.7142857142857143
      },
      {
        "sample_idx": 1,
        "predicted_action": [
          -0.19921568924305486,
          -0.1678431397559596,
          0.0,
          0.0,
          0.0,
          0.0,
          0.0
        ],
        "ground_truth_action": [
          -0.125490197948381,
          -0.19137255187128102,
          0.0,
          0.0,
          0.0,
          0.0,
          0.0
        ],
        "l1_error": 0.013893557629999323,
        "token_pred": [
          31999,
          31979,
          31872,
          31872,
          31872,
          31872,
          31872
        ],
        "token_gt": [
          31952,
          31994,
          31872,
          31872,
          31872,
          31872,
          31872
        ],
        "token_acc": 0.7142857142857143
      },
      {
        "sample_idx": 2,
        "predicted_action": [
          -0.19921568924305486,
          -0.19921568924305486,
          0.0,
          0.0,
          0.0,
          0.0,
          0.0
        ],
        "ground_truth_action": [
          -0.12392157047402626,
          -0.19607843429434535,
          0.0,
          0.0,
          0.0,
          0.0,
          0.0
        ],
        "l1_error": 0.011204481959676871,
        "token_pred": [
          31999,
          31999,
          31872,
          31872,
          31872,
          31872,
          31872
        ],
        "token_gt": [
          31951,
          31997,
          31872,
          31872,
          31872,
          31872,
          31872
        ],
        "token_acc": 0.7142857142857143
      }
    ],
    "final_loss": NaN,
    "train_time": 0.0,
    "tokens": 256,
    "trainable_params": 0,
    "peak_vram_gb": 4.833233408,
    "gamma": null
  },
  "baseline_mlp_trained": {
    "token_acc": 0.7790178571428571,
    "action_l1": 0.047161239858961944,
    "action_mse": 0.027048348292374395,
    "final_loss": 0.6507961584161968,
    "train_time": 1710.3987629413605,
    "tokens": 256,
    "trainable_params": 71385600,
    "peak_vram_gb": 5.412837888,
    "gamma": null
  },
  "mlp_scratch": {
    "token_acc": 0.0,
    "action_l1": 0.20591474245726304,
    "action_mse": 0.1304990658061556,
    "final_loss": 2.5796974515914917,
    "train_time": 822.4853489398956,
    "tokens": 256,
    "trainable_params": 71385600,
    "peak_vram_gb": 5.940973568,
    "gamma": null
  },
  "honeybee": {
    "token_acc": 0.7594866071428571,
    "action_l1": 0.04773546969191972,
    "action_mse": 0.02133321684324626,
    "final_loss": 0.6407476901181508,
    "train_time": 989.8894145488739,
    "tokens": 64,
    "trainable_params": 24255488,
    "peak_vram_gb": 5.297542144,
    "gamma": null
  },
  "self_attn": {
    "token_acc": 0.76171875,
    "action_l1": 0.05339023156498535,
    "action_mse": 0.02747417906251294,
    "final_loss": 1.1118233572691678,
    "train_time": 1668.4510459899902,
    "tokens": 256,
    "trainable_params": 19023872,
    "peak_vram_gb": 4.993944064,
    "gamma": null
  },
  "cross_attn": {
    "token_acc": 0.7566964285714286,
    "action_l1": 0.06685749340537643,
    "action_mse": 0.04379263483452034,
    "final_loss": 1.5669594275951386,
    "train_time": 987.011323928833,
    "tokens": 64,
    "trainable_params": 19089408,
    "peak_vram_gb": 4.752156672,
    "gamma": null
  },
  "maxinfo": {
    "token_acc": 0.7455357142857143,
    "action_l1": 0.0397067579634472,
    "action_mse": 0.02466100271128066,
    "final_loss": 3.361089342394844,
    "train_time": 1758.801050901413,
    "tokens": 256,
    "trainable_params": 114096129,
    "peak_vram_gb": 5.754523136,
    "gamma": 0.0
  },
  "maxinfo_scratch": {
    "token_acc": 0.060267857142857144,
    "action_l1": 0.19438112894769669,
    "action_mse": 0.12168330533611718,
    "final_loss": 1.3367140001617372,
    "train_time": 1757.7681593894958,
    "tokens": 256,
    "trainable_params": 185481729,
    "peak_vram_gb": 6.45771776,
    "gamma": 0.0
  },
  "mlp_scratch_ln": {
    "token_acc": 0.765625,
    "action_l1": 0.04805759849856381,
    "action_mse": 0.023056482572499107,
    "samples": [
      {
        "sample_idx": 0,
        "predicted_action": [
          0.0,
          0.0,
          0.0,
          0.0,
          0.0,
          0.0,
          0.0
        ],
        "ground_truth_action": [
          -0.10039215835870481,
          -0.15843137490983106,
          0.0,
          0.0,
          0.0,
          0.0,
          0.0
        ],
        "l1_error": 0.036974790466933694,
        "token_pred": [
          31872,
          31872,
          31872,
          31872,
          31872,
          31872,
          31872
        ],
        "token_gt": [
          31936,
          31973,
          31872,
          31872,
          31872,
          31872,
          31872
        ],
        "token_acc": 0.7142857142857143
      },
      {
        "sample_idx": 1,
        "predicted_action": [
          0.0,
          0.0,
          0.0,
          0.0,
          0.0,
          0.0,
          0.0
        ],
        "ground_truth_action": [
          -0.125490197948381,
          -0.19137255187128102,
          0.0,
          0.0,
          0.0,
          0.0,
          0.0
        ],
        "l1_error": 0.04526610711709457,
        "token_pred": [
          31872,
          31872,
          31872,
          31872,
          31872,
          31872,
          31872
        ],
        "token_gt": [
          31952,
          31994,
          31872,
          31872,
          31872,
          31872,
          31872
        ],
        "token_acc": 0.7142857142857143
      },
      {
        "sample_idx": 2,
        "predicted_action": [
          0.0,
          0.0,
          0.0,
          0.0,
          0.0,
          0.0,
          0.0
        ],
        "ground_truth_action": [
          -0.12392157047402626,
          -0.19607843429434535,
          0.0,
          0.0,
          0.0,
          0.0,
          0.0
        ],
        "l1_error": 0.045714286395481654,
        "token_pred": [
          31872,
          31872,
          31872,
          31872,
          31872,
          31872,
          31872
        ],
        "token_gt": [
          31951,
          31997,
          31872,
          31872,
          31872,
          31872,
          31872
        ],
        "token_acc": 0.7142857142857143
      }
    ],
    "final_loss": 0.8523880090378225,
    "train_time": 1709.686819076538,
    "tokens": 256,
    "trainable_params": 71411200,
    "peak_vram_gb": 5.413042688,
    "gamma": null
  }
}