{
  "baseline_mlp_frozen": {
    "normal_all": 0.04060049080107288,
    "block_all": 0.07540032792093804,
    "normal_hard": 0.06104006911076142,
    "block_hard": 0.11249787038905135,
    "degrade_all_%": 85.71284837508803,
    "degrade_hard_%": 84.30167597765362
  },
  "self_attn": {
    "normal_all": 0.07957516458445514,
    "block_all": 0.08149918422096841,
    "normal_hard": 0.1285251511052848,
    "block_hard": 0.12861608603133434,
    "degrade_all_%": 2.4178644763860473,
    "degrade_hard_%": 0.0707526311134525
  }
}