{
  "baseline_mlp_frozen@500": {
    "variant": "baseline_mlp_frozen",
    "n_train": 500,
    "steps": 1000,
    "lr": 2e-05,
    "token_acc": 0.7455357142857143,
    "action_l1": 0.0397067579634472,
    "action_mse": 0.02466100271128066,
    "final_loss": NaN,
    "train_time": 0.0,
    "tokens": 256,
    "trainable_params": 0,
    "peak_vram_gb": 4.833233408,
    "gamma": null
  },
  "mlp_scratch@500": {
    "variant": "mlp_scratch",
    "n_train": 500,
    "steps": 1000,
    "lr": 2e-05,
    "token_acc": 0.7477678571428571,
    "action_l1": 0.07193452426850669,
    "action_mse": 0.04625492958021099,
    "final_loss": 1.498279822682962,
    "train_time": 595.8332569599152,
    "tokens": 256,
    "trainable_params": 71385600,
    "peak_vram_gb": 5.412837888,
    "gamma": null
  },
  "self_attn@500": {
    "variant": "self_attn",
    "n_train": 500,
    "steps": 1000,
    "lr": 2e-05,
    "token_acc": 0.7248883928571429,
    "action_l1": 0.09833683521357686,
    "action_mse": 0.07227443310079616,
    "final_loss": 1.074819169324037,
    "train_time": 582.7791082859039,
    "tokens": 256,
    "trainable_params": 19023872,
    "peak_vram_gb": 5.565028864,
    "gamma": null
  },
  "honeybee@500": {
    "variant": "honeybee",
    "n_train": 500,
    "steps": 1000,
    "lr": 2e-05,
    "token_acc": 0.7366071428571429,
    "action_l1": 0.08943977642312635,
    "action_mse": 0.06256661197380936,
    "final_loss": 1.144114136210701,
    "train_time": 356.9394817352295,
    "tokens": 64,
    "trainable_params": 24255488,
    "peak_vram_gb": 5.297670144,
    "gamma": null
  },
  "baseline_mlp_frozen@2000": {
    "variant": "baseline_mlp_frozen",
    "n_train": 2000,
    "steps": 4000,
    "lr": 2e-05,
    "token_acc": 0.7455357142857143,
    "action_l1": 0.0397067579634472,
    "action_mse": 0.02466100271128066,
    "final_loss": NaN,
    "train_time": 0.0,
    "tokens": 256,
    "trainable_params": 0,
    "peak_vram_gb": 4.841785856,
    "gamma": null
  },
  "mlp_scratch@2000": {
    "variant": "mlp_scratch",
    "n_train": 2000,
    "steps": 4000,
    "lr": 2e-05,
    "token_acc": 0.7008928571428571,
    "action_l1": 0.10482668130663783,
    "action_mse": 0.07314242082936,
    "final_loss": 1.125634984181088,
    "train_time": 2084.2769889831543,
    "tokens": 256,
    "trainable_params": 71385600,
    "peak_vram_gb": 5.412837888,
    "gamma": null
  },
  "self_attn@2000": {
    "variant": "self_attn",
    "n_train": 2000,
    "steps": 4000,
    "lr": 2e-05,
    "token_acc": 0.7315848214285714,
    "action_l1": 0.08167454534750276,
    "action_mse": 0.053729081079728847,
    "final_loss": 0.9522721859431477,
    "train_time": 2329.215802669525,
    "tokens": 256,
    "trainable_params": 19023872,
    "peak_vram_gb": 5.369256448,
    "gamma": null
  },
  "honeybee@2000": {
    "variant": "honeybee",
    "n_train": 2000,
    "steps": 4000,
    "lr": 2e-05,
    "token_acc": 0.7327008928571429,
    "action_l1": 0.08763567986526379,
    "action_mse": 0.05752984458613065,
    "final_loss": 0.7424969650025014,
    "train_time": 1428.170651435852,
    "tokens": 64,
    "trainable_params": 24255488,
    "peak_vram_gb": 4.793485312,
    "gamma": null
  },
  "baseline_mlp_frozen@5000": {
    "variant": "baseline_mlp_frozen",
    "n_train": 5000,
    "steps": 10000,
    "lr": 2e-05,
    "token_acc": 0.7455357142857143,
    "action_l1": 0.0397067579634472,
    "action_mse": 0.02466100271128066,
    "final_loss": NaN,
    "train_time": 0.0,
    "tokens": 256,
    "trainable_params": 0,
    "peak_vram_gb": 4.841785856,
    "gamma": null
  },
  "mlp_scratch@5000": {
    "variant": "mlp_scratch",
    "n_train": 5000,
    "steps": 10000,
    "lr": 2e-05,
    "token_acc": 0.7466517857142857,
    "action_l1": 0.07580182135257746,
    "action_mse": 0.04447471608757493,
    "final_loss": 0.9035496744260308,
    "train_time": 5978.59189081192,
    "tokens": 256,
    "trainable_params": 71385600,
    "peak_vram_gb": 5.412837888,
    "gamma": null
  },
  "self_attn@5000": {
    "variant": "self_attn",
    "n_train": 5000,
    "steps": 10000,
    "lr": 2e-05,
    "token_acc": 0.7209821428571429,
    "action_l1": 0.08287640114912258,
    "action_mse": 0.052451821004432256,
    "final_loss": 0.9733085086377105,
    "train_time": 5830.4425320625305,
    "tokens": 256,
    "trainable_params": 19023872,
    "peak_vram_gb": 5.369385984,
    "gamma": null
  },
  "honeybee@5000": {
    "variant": "honeybee",
    "n_train": 5000,
    "steps": 10000,
    "lr": 2e-05,
    "token_acc": 0.7444196428571429,
    "action_l1": 0.0730103296977768,
    "action_mse": 0.043844575155912745,
    "final_loss": 0.6846116110928415,
    "train_time": 3571.670407772064,
    "tokens": 64,
    "trainable_params": 24255488,
    "peak_vram_gb": 4.793485312,
    "gamma": null
  },
  "baseline_mlp_frozen@10000": {
    "variant": "baseline_mlp_frozen",
    "n_train": 10000,
    "steps": 20000,
    "lr": 2e-05,
    "token_acc": 0.7455357142857143,
    "action_l1": 0.0397067579634472,
    "action_mse": 0.02466100271128066,
    "final_loss": NaN,
    "train_time": 0.0,
    "tokens": 256,
    "trainable_params": 0,
    "peak_vram_gb": 4.841785856,
    "gamma": null
  },
  "mlp_scratch@10000": {
    "variant": "mlp_scratch",
    "n_train": 10000,
    "steps": 20000,
    "lr": 2e-05,
    "token_acc": 0.7260044642857143,
    "action_l1": 0.08081670217261669,
    "action_mse": 0.05458590535410926,
    "final_loss": 0.6592193751788727,
    "train_time": 12042.687025308609,
    "tokens": 256,
    "trainable_params": 71385600,
    "peak_vram_gb": 5.412837888,
    "gamma": null
  },
  "self_attn@10000": {
    "variant": "self_attn",
    "n_train": 10000,
    "steps": 20000,
    "lr": 2e-05,
    "token_acc": 0.7477678571428571,
    "action_l1": 0.07471551170490462,
    "action_mse": 0.04868370841900276,
    "final_loss": 0.5372978621592847,
    "train_time": 11674.977197647095,
    "tokens": 256,
    "trainable_params": 19023872,
    "peak_vram_gb": 5.369385984,
    "gamma": null
  },
  "honeybee@10000": {
    "variant": "honeybee",
    "n_train": 10000,
    "steps": 20000,
    "lr": 2e-05,
    "token_acc": 0.7466517857142857,
    "action_l1": 0.07529761958156428,
    "action_mse": 0.04782824213884089,
    "final_loss": 0.46729694154812024,
    "train_time": 7144.511765241623,
    "tokens": 64,
    "trainable_params": 24255488,
    "peak_vram_gb": 4.793485312,
    "gamma": null
  },
  "baseline_mlp_frozen@30000": {
    "variant": "baseline_mlp_frozen",
    "n_train": 30000,
    "steps": 60000,
    "lr": 2e-05,
    "token_acc": 0.7455357142857143,
    "action_l1": 0.0397067579634472,
    "action_mse": 0.02466100271128066,
    "final_loss": NaN,
    "train_time": 0.0,
    "tokens": 256,
    "trainable_params": 0,
    "peak_vram_gb": 4.841785856,
    "gamma": null
  },
  "mlp_scratch@30000": {
    "variant": "mlp_scratch",
    "n_train": 30000,
    "steps": 60000,
    "lr": 2e-05,
    "token_acc": 0.6026785714285714,
    "action_l1": 0.09009628922049823,
    "action_mse": 0.0571696548584146,
    "final_loss": 0.8508467758946062,
    "train_time": 35838.36557292938,
    "tokens": 256,
    "trainable_params": 71385600,
    "peak_vram_gb": 5.412837888,
    "gamma": null
  },
  "self_attn@30000": {
    "variant": "self_attn",
    "n_train": 30000,
    "steps": 60000,
    "lr": 2e-05,
    "token_acc": 0.7444196428571429,
    "action_l1": 0.07276523166345251,
    "action_mse": 0.04384981491654852,
    "final_loss": 0.523777936083643,
    "train_time": 34962.846106767654,
    "tokens": 256,
    "trainable_params": 19023872,
    "peak_vram_gb": 5.368768,
    "gamma": null
  },
  "honeybee@30000": {
    "variant": "honeybee",
    "n_train": 30000,
    "steps": 60000,
    "lr": 2e-05,
    "token_acc": 0.7354910714285714,
    "action_l1": 0.08147058883637545,
    "action_mse": 0.0510798789193701,
    "final_loss": 0.5512768452756063,
    "train_time": 21451.069546699524,
    "tokens": 64,
    "trainable_params": 24255488,