{
  "baseline_mlp_frozen": {
    "token_acc": 0.7142857142857143,
    "action_l1": 0.016148459624384298,
    "action_mse": 0.0019362443593468027,
    "samples": [
      {
        "sample_idx": 0,
        "predicted_action": [
          -0.19921568924305486,
          -0.19921568924305486,
          0.0,
          0.0,
          0.0,
          0.0,
          0.0
        ],
        "ground_truth_action": [
          -0.10039215835870481,
          -0.15843137490983106,
          0.0,
          0.0,
          0.0,
          0.0,
          0.0
        ],
        "l1_error": 0.019943977888224836,
        "token_pred": [
          31999,
          31999,
          31872,
          31872,
          31872,
          31872,
          31872
        ],
        "token_gt": [
          31936,
          31973,
          31872,
          31872,
          31872,
          31872,
          31872
        ],
        "token_acc": 0.7142857142857143
      },
      {
        "sample_idx": 1,
        "predicted_action": [
          -0.19921568924305486,
          -0.1678431397559596,
          0.0,
          0.0,
          0.0,
          0.0,
          0.0
        ],
        "ground_truth_action": [
          -0.125490197948381,
          -0.19137255187128102,
          0.0,
          0.0,
          0.0,
          0.0,
          0.0
        ],
        "l1_error": 0.013893557629999323,
        "token_pred": [
          31999,
          31979,
          31872,
          31872,
          31872,
          31872,
          31872
        ],
        "token_gt": [
          31952,
          31994,
          31872,
          31872,
          31872,
          31872,
          31872
        ],
        "token_acc": 0.7142857142857143
      },
      {
        "sample_idx": 2,
        "predicted_action": [
          -0.19921568924305486,
          -0.19921568924305486,
          0.0,
          0.0,
          0.0,
          0.0,
          0.0
        ],
        "ground_truth_action": [
          -0.12392157047402626,
          -0.19607843429434535,
          0.0,
          0.0,
          0.0,
          0.0,
          0.0
        ],
        "l1_error": 0.011204481959676871,
        "token_pred": [
          31999,
          31999,
          31872,
          31872,
          31872,
          31872,
          31872
        ],
        "token_gt": [
          31951,
          31997,
          31872,
          31872,
          31872,
          31872,
          31872
        ],
        "token_acc": 0.7142857142857143
      }
    ],
    "final_loss": NaN,
    "train_time": 0.0,
    "tokens": 256,
    "trainable_params": 0,
    "peak_vram_gb": 4.833233408,
    "gamma": null
  },
  "multiscale_attn": {
    "token_acc": 0.7142857142857143,
    "action_l1": 0.016148459624384298,
    "action_mse": 0.0019362443593468027,
    "final_loss": 1.392597507685423,
    "train_time": 6.662486791610718,
    "tokens": 256,
    "trainable_params": 10633217,
    "peak_vram_gb": 4.931276288,
    "gamma": 0.00099072209559381
  }
}