{
  "frozen": {
    "all": 0.04077001694738987,
    "hard": 0.07056419607815811,
    "easy": 0.025432185087171894
  },
  "runs": {
    "multiscale_attn_seed0": {
      "seed": 0,
      "all": 0.04212214115054463,
      "hard": 0.06615881700267136,
      "easy": 0.029748231096491214
    },
    "multiscale_attn_seed1": {
      "seed": 1,
      "all": 0.041027369892401196,
      "hard": 0.06714446798272569,
      "easy": 0.02758247324235249
    },
    "multiscale_attn_seed2": {
      "seed": 2,
      "all": 0.04323733724559371,
      "hard": 0.06731875992432067,
      "easy": 0.030840391842935452
    },
    "multiscale_attn_seed3": {
      "seed": 3,
      "all": 0.04153186336397102,
      "hard": 0.06472241100125072,
      "easy": 0.029593534106909878
    },
    "multiscale_attn_seed4": {
      "seed": 4,
      "all": 0.04613357911881644,
      "hard": 0.07059424641291587,
      "easy": 0.033541401281025604
    }
  }
}