{
  "n": 6,
  "mean_l1_real": 0.013183940439219789,
  "mean_l1_blank": 0.2188982270984979,
  "mean_l1_other": 0.013109243892821943,
  "mean_pred_shift": 0.00022408963919353614,
  "degradation_when_blanked": 0.20571428665927813
}